plant_code,name,state,lat,lon,nameplate_MW,cf_ac,developable_area_km2,developable_MW,R_g5,R_g10,R_g20,headroom_g5,headroom_g10,headroom_g20,land_req_km2_g5,land_req_km2_g10,land_req_km2_g20,qualifies_g5,qualifies_g10,qualifies_g20,solar_req_MW_g5,solar_req_MW_g10,solar_req_MW_g20,qualifying_any,hostable_MW_g5,hostable_MW_g10,hostable_MW_g20
55976,Hunterstown Power Plant,PA,39.8725,-77.1672,898.0,0.1999670896367679,170.00459999999998,6001.287770906684,6.176016274694637,5.850962786552816,5.200855810269169,1.0820807819634601,1.1421963809614297,1.2849709285816084,157.10897266978793,148.8400793713781,132.30229277455828,1.0,1.0,1.0,5546.062614675784,5254.164582324429,4670.368517621714,True,898.0,898.0,898.0
55348,Troy Energy LLC,OH,41.47724,-83.45983,795.6,0.1891078438187384,248.0832,8757.519939621618,6.530665122403694,6.1869459054350795,5.499507471497848,1.685500732756326,1.7791396623538998,2.001532120148137,147.18664618692011,139.43998059813487,123.94664942056434,1.0,1.0,1.0,5195.797171384379,4922.334162364149,4375.408144323688,True,795.6,795.6,795.6
57794,St Joseph Energy Center,IN,41.698992,-86.479699,780.0,0.1873564954380554,210.1707,7419.180726362097,6.591711683720732,6.2447794898406945,5.550915102080618,1.442989411307764,1.5231554897137505,1.7135499259279692,145.64950952032615,137.98374586136165,122.6522185434326,1.0,1.0,1.0,5141.53511330217,4870.9280020757415,4329.713779622882,True,780.0,780.0,780.0
55337,Ironwood LLC,PA,40.3509,-76.3658,777.5999999999999,0.1910397534888925,181.0674,6391.812770536027,6.464623082084357,6.124379761974655,5.443893121755249,1.2715240666083099,1.3421642925309933,1.5099348290973678,142.4018661974547,134.9070311344308,119.91736100838291,1.0,1.0,1.0,5026.890908628795,4762.317702911491,4233.1712914768805,True,777.5999999999999,777.5999999999999,777.5999999999999
55701,Fremont Energy Center,OH,41.377116,-83.161388,739.5,0.1894162814641786,231.5025,8172.209000134848,6.520030857186669,6.176871338387373,5.490552300788775,1.694929488032056,1.7890922373671696,2.012728767038066,136.58532796475933,129.39662649292993,115.01922354927103,1.0,1.0,1.0,4821.562818889542,4567.796354737462,4060.263426433299,True,739.5,739.5,739.5
55640,University Park North,IL,41.4425,-87.7514,726.0,0.1945435285332508,158.9247,5610.159128664834,6.348193688637232,6.0140782313405365,5.345847316747143,1.2172741242273502,1.2849004644622029,1.4455130225199784,130.55785614507784,123.68639003217902,109.94345780638133,1.0,1.0,1.0,4608.78861795063,4366.22079595323,3881.0851519584257,True,726.0,726.0,726.0
7838,Remington,VA,38.5442,-77.7714,705.5,0.2010793015154639,124.4943,4394.740613710383,6.141855430629804,5.818599881649289,5.172088783688257,1.0142304369043977,1.0705765722879752,1.2043986438239722,122.74754875231076,116.28715144955758,103.36635684405117,1.0,1.0,1.0,4333.079006309327,4105.022216503574,3648.9086368920653,True,705.5,705.5,705.5
55110,Madison,OH,39.4522,-84.4647,692.0,0.1937921942191785,108.3789,3825.855107416614,6.372805700332893,6.037394873999584,5.366573221332963,0.8675444712631539,0.915741386333329,1.030209059624995,124.9260453959198,118.35099037508192,105.20088033340616,0.0,0.0,1.0,4409.981544630362,4177.877252807712,3713.6686691624104,True,600.3407741141025,633.6930393426637,692.0
55222,Lincoln Generating Facility,IL,41.393315,-87.943612,692.0,0.1949623321713883,251.8983,8892.1957835387,6.334556969262816,6.001159234038458,5.3343637635897405,2.0285544781110794,2.14125194911725,2.4089084427569065,124.17625590936018,117.64066349307808,104.56947866051385,1.0,1.0,1.0,4383.513422729869,4152.802189954613,3691.3797244041,True,692.0,692.0,692.0
55236,Lee Energy Facility,IL,41.8287,-89.4054,692.0,0.2001465175588082,224.5851,7928.019678043152,6.170479581974866,5.845717498713032,5.196193332189361,1.8566913127448932,1.959840830119609,2.2048209338845606,120.95984855338077,114.5935407347818,101.8609250975838,1.0,1.0,1.0,4269.971870726607,4045.2365091094184,3595.765785875038,True,692.0,692.0,692.0
55183,Nelson Energy Center,IL,41.774444,-89.607222,627.5,0.200004528815175,241.5924,8528.389912178824,6.174860175997656,5.849867535155676,5.199882253471712,2.2010311543299417,2.3233106629038267,2.6137244957668053,109.76328050819788,103.98626574460854,92.43223621742982,1.0,1.0,1.0,3874.7247604385293,3670.791878310187,3262.926114053499,True,627.5,627.5,627.5
55164,Bluegrass Generating Station,KY,38.3902,-85.4133,624.0,0.1980963900090113,112.2948,3964.0892656811166,6.234338747636039,5.906215655655196,5.2499694716935075,1.0189865218583278,1.0755968841837902,1.2100464947067642,110.20243898340061,104.40231061585324,92.80205388075844,1.0,1.0,1.0,3890.227378524888,3685.4785691288425,3275.9809503367487,True,624.0,624.0,624.0
55188,Cordova Energy,IL,41.712216,-90.279679,611.2,0.1982499132857569,199.5804,7045.335325236285,6.229510921499744,5.901641925631338,5.245903933894523,1.8503946802694817,1.9531943847288968,2.197343682820009,107.85828673639192,102.18153480289763,90.82803093590901,1.0,1.0,1.0,3807.477075220644,3607.083544945874,3206.2964843963327,True,611.2,611.2,611.2
7836,Marsh Run Generation Facility,VA,38.5283,-77.7681,596.7,0.201086876208691,119.5173,4219.048842806522,6.141624074553221,5.818380702208315,5.171893957518502,1.1512649564125716,1.2152241206577143,1.3671271357399288,103.81389560612088,98.35000636369348,87.42222787883864,1.0,1.0,1.0,3664.707085285907,3471.8277650077016,3086.06912445129,True,596.7,596.7,596.7
7872,Robert P Mone Plant,OH,40.9297,-84.7392,596.7,0.1902640144850924,285.9723,10095.033115621918,6.490980458613023,6.149349908159707,5.4660888072530724,2.6064020492440894,2.7512021630909826,3.095102433477356,109.71918169069039,103.94448791749619,92.3951003711077,1.0,1.0,1.0,3873.168039654391,3669.317090198898,3261.6151912879086,True,596.7,596.7,596.7
7158,Woodsdale,OH,39.4492,-84.4611,571.8,0.1937939839588381,104.5143,3689.4318769896377,6.3727468457551,6.037339117031149,5.366523659583243,1.0124851870385243,1.06873436409622,1.2023261596082475,103.22551019803049,97.79258860866048,86.92674542992043,1.0,1.0,1.0,3643.9366464027657,3452.1505071184106,3068.578228549698,True,571.8,571.8,571.8
55247,"Darby Power, LLC",OH,39.7139,-83.1778,564.0,0.18905063310598,262.4454,9264.516192801331,6.532641439543186,6.1888182058830195,5.501171738562683,2.5145184076574143,2.6542138747494923,2.985990609093179,104.37203370664541,98.87876877471673,87.8922389108593,1.0,1.0,1.0,3684.4097719023566,3490.493468118023,3102.6608605493534,True,564.0,564.0,564.0
59326,Middletown Energy Center,OH,39.465,-84.347778,543.9,0.195233523273318,111.1005,3921.929594796953,6.325757888777412,5.992823263052287,5.326954011602032,1.1399037135787282,1.2032316976664348,1.3536356598747394,97.46481099811486,92.33508410347727,82.075630314202,1.0,1.0,1.0,3440.579715706034,3259.4965727741387,2897.330286910345,True,543.9,543.9,543.9
2880,Richland (OH),OH,41.305203,-84.334622,435.0,0.1912176899299345,215.4996,7607.294826818111,6.45860746697926,6.11868075819088,5.438827340614115,2.7077096996604784,2.8581380163082817,3.2154052683468173,79.58740925108096,75.3985982378662,67.02097621143662,1.0,1.0,1.0,2809.494248135978,2661.626129813033,2365.88989316714,True,435.0,435.0,435.0
60387,Invenergy Nelson Expansion LLC,IL,41.774417,-89.606528,380.0,0.2000045463687947,241.7706,8534.680503614441,6.17485963405424,5.849867021735597,5.199881797098308,3.637278718363526,3.83934975827261,4.319268478056687,66.47018794005886,62.97175699584525,55.97489510741799,1.0,1.0,1.0,2346.4466609406113,2222.949468259527,1975.955082897357,True,380.0,380.0,380.0
57349,Garrison Energy Center LLC,DE,39.187195,-75.499396,361.0,0.2072865521316146,82.16369999999999,2900.4392117768903,5.957935945675089,5.644360369586928,5.017209217410602,1.3485303842824579,1.423448738964816,1.6013798313354186,60.92832683463683,57.72157279070859,51.30806470285207,1.0,1.0,1.0,2150.814876388707,2037.614093420881,1811.2125274852272,True,361.0,361.0,361.0
55253,Crete Energy Venture LLC,IL,41.429444,-87.6187,356.0,0.1964861444194333,146.7477,5180.3020472309745,6.285430474749818,5.954618344499829,5.292994083999847,2.3151016153129946,2.443718371719272,2.749183168184181,63.38715287024676,60.05098692970747,53.37865504862886,1.0,1.0,1.0,2237.6132490109353,2119.844130641939,1884.3058939039456,True,356.0,356.0,356.0
55250,University Park South,IL,41.440893,-87.753189,353.4,0.1945445100291397,162.7146,5743.945393995061,6.34816166138544,6.014047889733576,5.3458203464298455,2.560329024259199,2.7025695256069313,3.040390716307798,63.552222569159646,60.207368749730215,53.5176611108713,1.0,1.0,1.0,2243.440331133614,2125.3645242318457,1889.2129104283072,True,353.4,353.4,353.4
1572,Dickerson Power,MD,39.2097,-77.4644,326.0,0.2003189946335933,124.0578,4379.331841759501,6.165166724498385,5.840684265314261,5.191719346946009,2.1789407906116236,2.2999930567567133,2.5874921888513027,56.93491100562547,53.93833674217151,47.945188215263556,1.0,1.0,1.0,2009.8443521864735,1904.063070492449,1692.5005071043988,True,326.0,326.0,326.0
55238,NRG Rockford I,IL,42.238558,-89.101202,316.0,0.2003678326561334,99.3141,3505.860981459346,6.163664015468382,5.839260646233205,5.190453907762849,1.799984027183708,1.8999831398050246,2.137481032280653,55.17498961109609,52.271042789459464,46.46314914618619,1.0,1.0,1.0,1947.7178288880086,1845.2063642096928,1640.1834348530601,True,316.0,316.0,316.0
54844,Gordonsville Energy LP,VA,38.124688,-78.203543,300.4,0.2039352356601055,57.7728,2039.4224516927054,6.055844131115959,5.737115492636173,5.099658215676598,1.1210696083938338,1.1833512533046022,1.3312701599676775,51.53364212840591,48.821345174279294,43.39675126602604,1.0,1.0,1.0,1819.175576987234,1723.4294939879062,1531.93732798925,True,300.4,300.4,300.4
54832,Brandywine Power Facility,MD,38.6681,-76.8678,288.8,0.2043434318939261,43.0164,1518.510647761474,6.043746982976598,5.725655036504147,5.0894711435592415,0.8699902349833695,0.9183230258157787,1.033113404042751,49.44469290603278,46.842340647820535,41.63763613139603,0.0,0.0,1.0,1745.4341286836416,1653.5691745423976,1469.839266259909,True,251.25317986319712,265.2116898555969,288.8
55285,Wolf Hills Energy,VA,36.6644,-82.1044,285.0,0.1987201884572627,50.0247,1765.9088068986114,6.214768663354012,5.887675575809066,5.233489400719169,0.997007545721236,1.0523968538168598,1.1839464605439676,50.174845932396735,47.53406456753377,42.25250183780778,0.0,1.0,1.0,1771.2090690558935,1677.987539105584,1491.544479204963,True,284.14715053055227,285.0,285.0
55228,Greenville Electric Generating Station,OH,40.075783,-84.615136,236.0,0.1960528865739861,248.8788,8785.605206435182,6.299320665875214,5.967777472934415,5.304691087052813,5.909707201746581,6.238024268510278,7.017777302074064,42.11355850700103,39.897055427685196,35.46404926905351,1.0,1.0,1.0,1486.6396771465506,1408.395483612522,1251.907096544464,True,236.0,236.0,236.0
55216,Morris Cogeneration LLC,IL,41.411944,-88.332778,218.8,0.1962955471673033,167.35049999999998,5907.596083312564,6.291533444451522,5.960400105269864,5.298133426906546,4.29147875277464,4.529894239039897,5.096131018919884,38.99599873162605,36.943577745751,32.83873577400089,1.0,1.0,1.0,1376.587517645993,1304.1355430330464,1159.2315938071522,True,218.8,218.8,218.8
52193,Delaware City Plant,DE,39.5871,-75.6343,184.0,0.2007645165604127,42.6591,1505.897694226423,6.151485437559241,5.827723046108757,5.180198263207783,1.3304472037088895,1.4043609372482717,1.5799060544043058,32.063730060899196,30.376165320851886,27.001035840757226,1.0,1.0,1.0,1131.8733205109004,1072.3010404840113,953.1564804302321,True,184.0,184.0,184.0
7336,Anderson,IN,40.0529,-85.7389,168.7,0.1982610602717486,200.2779,7069.957589693878,6.22916067485584,5.9013101130213235,5.245608989352287,6.727786372133676,7.101552281696656,7.989246316908739,29.768766266055366,28.201989094157724,25.068434750362417,1.0,1.0,1.0,1050.8594058481801,995.5510160666972,884.9342365037307,True,168.7,168.7,168.7
55936,NRG Rockford II Energy Center,IL,42.2383,-89.1011,168.0,0.2003679982527956,99.3825,3508.275551909381,6.163658921430427,5.839255820302511,5.190449618046676,3.3880188435285548,3.5762421126134734,4.023272376690158,29.333514537509206,27.78964535132452,24.70190697895513,1.0,1.0,1.0,1035.4946988003117,980.9949778108219,871.9955358318416,True,168.0,168.0,168.0
2831,Dick's Creek,OH,39.465,-84.3778,159.1,0.1943999704482183,103.3083,3646.859187475863,6.35288162417166,6.0185194334257845,5.349795051934031,3.6080957321885063,3.808545495087867,4.28461368197385,28.632361131210313,27.125394755883462,24.111462005229743,1.0,1.0,1.0,1010.743466405711,957.5464418580423,851.1523927627043,True,159.1,159.1,159.1
2854,Yankee Street,OH,39.603,-84.2047,125.5,0.1933118873946449,65.2824,2304.5168705754936,6.388639708838784,6.0523955136367436,5.379907123232661,2.8742713730261094,3.033953115972004,3.413197255468505,22.712677937319796,21.5172738353556,19.126465631427198,1.0,1.0,1.0,801.7742834592674,759.5756369614113,675.1783439656989,True,125.5,125.5,125.5
10030,Energy Center Dover,DE,39.149549,-75.547335,118.0,0.2102963326756849,118.62,4187.37349098172,5.872665415923319,5.563577762453672,4.945402455514375,6.0426081705677355,6.378308624488163,7.175597202549184,19.630596035958924,18.597406770908464,16.53102824080752,1.0,1.0,1.0,692.9745190789516,656.5021759695334,583.5574897506963,True,118.0,118.0,118.0
50463,Procter & Gamble Mehoopany Mill,PA,41.574259,-76.043233,117.6,0.1762752592472579,47.5929,1680.0644732671044,7.006088121916696,6.637346641815819,5.899863681614061,2.039121158509369,2.152405667315444,2.421456375729875,23.33990788207563,22.111491677755865,19.654659269116323,1.0,1.0,1.0,823.9159631374034,780.5519650775403,693.8239689578136,True,117.6,117.6,117.6
7288,Sherman Avenue,NJ,39.451,-75.0578,112.8,0.203280631861676,72.4725,2558.332703803513,6.075345145721339,5.755590138051796,5.116080122712708,3.733163124454936,3.9405610758135423,4.433131210290235,19.413161864064385,18.391416502797842,16.347925780264745,1.0,1.0,1.0,685.2989324373671,649.2305675722426,577.0938378419934,True,112.8,112.8,112.8
7962,Warren F Sam Beasley Generation Station,DE,39.279179,-75.623928,96.0,0.2116248381187951,147.2922,5199.523298839806,5.835798911783387,5.528651600636894,4.914356978343906,9.280940253136617,9.79654804497754,11.021116550599732,15.870396315741893,15.035112299123899,13.364544265887911,1.0,1.0,1.0,560.2366955312052,530.7505536611418,471.77826992101495,True,96.0,96.0,96.0
55377,Gans,PA,39.7475,-79.838888,87.6,0.1727873239646369,37.5669,1326.1392783540816,7.147515058759509,6.771330055666905,6.018960049481692,2.118019495232253,2.2356872449673775,2.5151481505882995,17.73680557925203,16.803289496133505,14.936257329896451,1.0,1.0,1.0,626.122319147333,593.1685128764208,527.2609003345963,True,87.6,87.6,87.6
55654,Chambersburg,PA,39.866944,-77.685833,87.6,0.1915156943408151,185.6619,6554.002009317982,6.448557671739602,6.109159899542782,5.4303643551491385,11.60218739509392,12.246753361488024,13.777597531674031,16.002318672986497,15.160091374408262,13.475636777251786,1.0,1.0,1.0,564.8936520443891,535.1624071999477,475.6999175110645,True,87.6,87.6,87.6
7335,Richmond,IN,39.839572,-84.965682,82.8,0.200455703864384,184.716,6520.611041647104,6.16096212874803,5.836700964077083,5.188178634735183,12.782312151413528,13.492440604269829,15.178995679803563,14.450906675720107,13.690332640155898,12.169184569027461,1.0,1.0,1.0,510.1276642603368,483.27883982558245,429.58119095607316,True,82.8,82.8,82.8
58235,Clayville,NJ,39.424444,-75.02,73.0,0.2024066117959858,54.1845,1912.7528150573175,6.101579335979443,5.78044358145421,5.1381720724037425,4.294313310398597,4.532886272087407,5.0994970560983335,12.617733286668503,11.953642061054374,10.62545960982611,1.0,1.0,1.0,445.4152915264993,421.9723814461573,375.0865612854732,True,73.0,73.0,73.0
52149,West Point (PA),PA,40.217963,-75.298823,70.69999999999999,0.1989123460720355,52.4763,1852.4520951340755,6.20876493786237,5.881987835869616,5.228433631884102,4.220096229482807,4.454546020009628,5.011364272510833,12.434858625589024,11.780392382136974,10.471459895232863,1.0,1.0,1.0,438.95968110686954,415.8565399959818,369.65025777420595,True,70.69999999999999,70.69999999999999,70.69999999999999
50410,Chester Operations,PA,39.843743,-75.358801,69.2,0.1987822566686819,25.884,913.7242913553436,6.212828150242918,5.885837194966976,5.231855284415089,2.1252975194660477,2.243369603880828,2.5237908043659316,12.179000710687793,11.538000673283175,10.256000598473932,1.0,1.0,1.0,429.92770799680994,407.2999338917148,362.0443856815242,True,69.2,69.2,69.2
2434,Howard Down,NJ,39.4889,-75.0347,68.2,0.2039969442675382,83.871,2960.708161036316,6.054012252165505,5.735380028367322,5.098115580770952,7.170805296631376,7.56918336866645,8.515331289749758,11.696175886884003,11.080587682311164,9.849411273165478,1.0,1.0,1.0,412.88363559768743,391.1529179346514,347.69148260857895,True,68.2,68.2,68.2
50279,Archbald Power Station,PA,41.485,-75.5406,60.5,0.1722640396870807,23.1147,815.9659587927429,7.169226974146138,6.791899238664764,6.037243767702012,1.8812405702650643,1.9857539352797895,2.2339731771897635,12.286945309043153,11.640263976988253,10.346901312878447,1.0,1.0,1.0,433.7382319358413,410.9099039392182,365.25324794597174,True,60.5,60.5,60.5
3110,Hunterstown,PA,39.8662,-77.1648,60.0,0.1950027171462389,170.0073,6001.383082898133,6.333245085368903,5.999916396665278,5.3332590192580245,15.793333438604696,16.670740851860508,18.754583458343074,10.76449760659392,10.197945100983716,9.064840089763303,1.0,1.0,1.0,379.9947051221342,359.99498379991667,319.9955411554815,True,60.0,60.0,60.0
3132,Warren,PA,41.835947,-79.188668,53.1,0.1720934077288038,13.2984,469.44332854890666,7.176335318702009,6.798633459822957,6.04322974206485,1.2319297047894324,1.3003702439444007,1.462916524437451,10.794771770093027,10.226625887456553,9.0903341221836,1.0,1.0,1.0,381.0634054230767,361.00743671659905,320.89549930364353,True,53.1,53.1,53.1
55262,Bowling Green Generating Station,OH,41.397369,-83.641236,49.5,0.1955322326065075,252.0927,8899.05824692301,6.316094198573058,5.983668188121846,5.318816167219418,28.4636278103498,30.044940466480337,33.80055802479039,8.856660917563548,8.390520869270732,7.458240772685094,1.0,1.0,1.0,312.6466628293664,296.1915753120314,263.2814002773612,True,49.5,49.5,49.5
55263,Galion Generating Station,OH,40.7167,-82.789,49.5,0.1844045011327477,208.2438,7351.159735131505,6.697233486242061,6.344747513281954,5.639775567361736,22.17457070631934,23.406491301114855,26.332302713754213,9.391108525075275,8.896839655334473,7.908301915852864,1.0,1.0,1.0,331.513057568982,314.0650019074567,279.1688905844059,True,49.5,49.5,49.5
55264,Napoleon Peaking Station,OH,41.4079,-84.1095,49.5,0.1925597086662859,253.9332,8964.029254427242,6.4135950794374486,6.076037443677584,5.400922172157852,28.235568015516687,29.804210683045387,33.52973701842606,8.993380259269179,8.520044456149751,7.573372849910888,1.0,1.0,1.0,317.4729564321537,300.7638534620404,267.34564752181365,True,49.5,49.5,49.5
7318,Van Sant Station,DE,39.145036,-75.548172,45.1,0.2102986707286875,116.2107,4102.32342394562,5.872600124958991,5.563515907855887,4.945347473649678,15.488983777927983,16.349482876701757,18.393168236289476,7.502796934012021,7.107912884853495,6.31814478653644,1.0,1.0,1.0,264.8542656356505,250.91456744430053,223.03517106160047,True,45.1,45.1,45.1
56397,Hunlock Unit 4,PA,41.2025,-76.068333,44.0,0.1808825428133934,20.2275,714.0456692702137,6.827635109453773,6.468285893166733,5.749587460592651,2.3768567600752224,2.508904357857179,2.8225174025893263,8.510188893065582,8.062284214483183,7.166474857318385,1.0,1.0,1.0,300.415944815966,284.60457929933625,252.98184826607664,True,44.0,44.0,44.0
58207,Central Utility Plant at White Oak,MD,39.039444,-76.9825,41.7,0.2065444997896154,16.0623,567.0110371286097,5.97934101977037,5.664638860835089,5.035234542964523,2.2740611275627867,2.40039785687183,2.7004475889808086,7.063266596186307,6.691515722702818,5.948013975735839,1.0,1.0,1.0,249.33852052442444,236.21544049682322,209.96928044162064,True,41.7,41.7,41.7
2903,Bryan (OH),OH,41.471822,-84.543148,36.8,0.1958536800213546,241.1046,8511.170212390418,6.305727826331084,5.973847414418923,5.310086590594597,36.67804980163699,38.71571923506125,43.55518413944392,6.573539250422176,6.227563500399958,5.535612000355517,1.0,1.0,1.0,232.05078400898387,219.83758485061637,195.41118653388116,True,36.8,36.8,36.8
2848,O H Hutchings,OH,39.6088,-84.2921,32.6,0.1896263492637645,102.5442,3619.885893895867,6.51280797629106,6.170028609117848,5.48446987477142,17.04939635902914,17.99658504564186,20.246158176347098,6.014535520238166,5.697981019173001,5.064872017042667,1.0,1.0,1.0,212.31754002708857,201.14293265724186,178.7937179175483,True,32.6,32.6,32.6
7782,Hamilton Peaking,OH,39.3528,-84.5183,32.0,0.1948436642077308,40.1076,1415.827862307355,6.338414980141802,6.004814191713287,5.337612614856255,6.9803919174940185,7.368191468465907,8.289215402024146,5.74575188242421,5.443343888612411,4.83852790098881,1.0,1.0,1.0,202.82927936453765,192.15405413482517,170.80360367540015,True,32.0,32.0,32.0
7783,Bowling Green Peaking,OH,41.3884,-83.6402,32.0,0.1946645699562236,251.775,8887.843202595874,6.3442464146286515,6.010338708595565,5.342523296529391,43.77905300788641,46.21122261943565,51.98762544686511,5.75103805819292,5.4483518446038195,4.842979417425617,1.0,1.0,1.0,203.01588526811685,192.3308386750581,170.96074548894052,True,32.0,32.0,32.0
50628,Paulsboro Refinery,NJ,39.84,-75.2583,30.5,0.1979752027575684,42.6555,1505.7706115711583,6.238154995160307,5.909831048046607,5.253183153819206,7.914123372461349,8.353796893153646,9.39802150479785,5.389794673713033,5.1061212698334,4.538774462074134,1.0,1.0,1.0,190.26372735238937,180.2498469654215,160.2220861914858,True,30.5,30.5,30.5
55990,Ashtabula,OH,41.890026,-80.7612,26.1,0.1780922964749951,36.5787,1291.2550894838396,6.934606518330786,6.569627227892325,5.839668647015399,7.134272859639887,7.530621351842101,8.471949020822366,5.127179842942867,4.8573282722616655,4.317625130899257,1.0,1.0,1.0,180.9932301284335,171.4672706479897,152.41535168710192,True,26.1,26.1,26.1
3120,Blossburg,PA,41.706475,-77.08184,24.0,0.1803716864000464,36.5022,1288.5545830594583,6.846972629955309,6.486605649431347,5.765871688383419,7.84138877074707,8.277021480233017,9.311649165262144,4.655068262419839,4.410064669660901,3.9200574841430225,1.0,1.0,1.0,164.32734311892742,155.67853558635233,138.38092052120206,True,24.0,24.0,24.0
56038,UMCP CHP Plant,MD,38.985844,-76.935478,22.0,0.203748959601778,10.6983,377.6578807837611,6.061380644170036,5.742360610266352,5.104320542458979,2.832072149249306,2.9894094908742663,3.36308567723355,3.7775520665445566,3.5787335367264235,3.1810964770901538,1.0,1.0,1.0,133.35037417174078,126.33193342585975,112.29505193409753,True,22.0,22.0,22.0
2914,Dover (OH),OH,40.520066,-81.46815,19.5,0.181198358891799,50.9157,1797.3617640766986,6.815735018535511,6.457012122823118,5.739566331398326,13.523471482843004,14.274775454112055,16.059122385876066,3.7649874194355997,3.566830186833727,3.170515721629979,1.0,1.0,1.0,132.90683286144247,125.9117363950508,111.92154346226735,True,19.5,19.5,19.5
2917,Hamilton (OH),OH,39.4098,-84.5543,16.3,0.1943304077208572,108.0306,3813.5598605197256,6.355155708693803,6.020673829288867,5.351710070478993,36.814318698626145,38.85955862632759,43.717003454618535,2.934472341709574,2.780026428988018,2.471134603544905,1.0,1.0,1.0,103.589038051709,98.13698341740854,87.2328741488076,True,16.3,16.3,16.3
58584,Princeton University Cogeneration,NJ,40.341389,-74.657222,15.5,0.201362743485394,50.1588,1770.6426358072324,6.133210039868082,5.810409511453974,5.164808454625755,18.625647584085346,19.660405783201192,22.117956506101343,2.6929962984405496,2.5512596511542056,2.267786356581516,1.0,1.0,1.0,95.06475561795527,90.0613474275366,80.0545310466992,True,15.5,15.5,15.5
59860,HP Hood CT,VA,39.132519,-78.187474,15.0,0.1938280626653361,120.3777,4249.4215974148565,6.3716263941220594,6.036277636536689,5.365580121365945,44.461924732802125,46.93203166240224,52.79853562020253,2.7074333988782637,2.564936904200461,2.279943914844854,1.0,1.0,1.0,95.57439591183089,90.54416454805033,80.48370182048917,True,15.0,15.0,15.0
58140,Summit Street Power Plant,OH,41.143056,-81.340833,13.2,0.176304101283737,56.5821,1997.389863463807,7.0049419781360545,6.636260821392053,5.898898507904047,21.601522806479736,22.801607406839715,25.651808332694685,2.6193570012123057,2.481496106411659,2.205774316810363,1.0,1.0,1.0,92.46523411139592,87.5986428423751,77.86546030433341,True,13.2,13.2,13.2
58328,North Chicago Energy Center,IL,42.306389,-87.851944,12.4,0.1960028994972799,10.1556,358.5001705025624,6.300927196320068,5.969299449145329,5.306043954795848,4.588420588270305,4.84333284317421,5.448749448570986,2.2133106162851455,2.0968205838490857,1.8638405189769651,1.0,1.0,1.0,78.13149723436885,74.01931316940208,65.79494503946852,True,12.4,12.4,12.4
10061,"Mars Wrigley Confectionery US, LLC",NJ,40.8625,-74.825,12.3,0.1857500825550224,41.3613,1460.084397003391,6.6487184447639285,6.298785895039512,5.5989207955906775,17.853974344536386,18.84586180812174,21.201594534136955,2.31664385765499,2.194715233567886,1.9508579853936765,1.0,1.0,1.0,81.77923687059632,77.475066508986,68.86672578576534,True,12.3,12.3,12.3
50366,University of Notre Dame,IN,41.7094,-86.2367,10.8,0.1917205546105639,41.4693,1463.8968766613407,6.441667157225878,6.1026320436876755,5.424561816611266,21.042069357188822,22.211073210365974,24.987457361661722,1.970780501482969,1.8670552119312338,1.6596046328277634,1.0,1.0,1.0,69.57000529803949,65.9084260718269,58.585267619401684,True,10.8,10.8,10.8
58181,Loyola University Health Plant,IL,41.855833,-87.835556,10.6,0.19671860655227,3.024,106.74943042259925,6.278002989370752,5.947581779403872,5.286739359470108,1.604124910471486,1.6932429610532351,1.9048983311848895,1.8851399789753174,1.7859220853450377,1.587486298084478,1.0,1.0,1.0,66.54683168732997,63.044366861681034,56.03943721038314,True,10.6,10.6,10.6
58947,Bristol Myers Squibb Lawrenceville,NJ,40.324722,-74.707778,9.9,0.1954174102123327,45.4626,1604.8633120140412,6.31980537792461,5.987184042244369,5.321941370883883,25.65069579835364,27.075734453817727,30.460201260544945,1.7723729741053638,1.6790901859945555,1.4925246097729383,1.0,1.0,1.0,62.566073241453644,59.273122018219254,52.68721957175045,True,9.9,9.9,9.9
54829,Bristol Myers Squibb New Brunswick,NJ,40.475724,-74.446199,9.5,0.1957732094971433,13.6602,482.2151354030391,6.308319729610505,5.97630290173627,5.312269245987795,8.046435518939058,8.49345971443567,9.55514217874013,1.6976709709346096,1.6083198672012096,1.4296176597344084,1.0,1.0,1.0,59.929037431299804,56.77487756649457,50.46655783688406,True,9.5,9.5,9.5
61282,APG Combined Heat and Power Plant,MD,39.3975,-76.2991,7.9,0.2029492163905849,19.134,675.4443127334702,6.085266166404835,5.7649889997519495,5.124434666446177,14.050212062187768,14.830779398975974,16.68462682384797,1.361829979171192,1.2901547171095507,1.1468041929862671,1.0,1.0,1.0,48.073602714598195,45.5434130980404,40.4830338649248,True,7.9,7.9,7.9
62492,"DTE Atlantic, LLC",NJ,39.3733,-74.4369,7.5,0.2106756500179092,1.9323,68.21161521348826,5.862091797960583,5.5535606506995014,4.936498356177334,1.5514738325369117,1.6376668232334062,1.8423751761375824,1.2454609027084753,1.1799103288817139,1.04880918122819,1.0,1.0,1.0,43.96568848470437,41.651704880246264,37.023737671330004,True,7.5,7.5,7.5
58195,East Campus Steam Plant,PA,40.809167,-77.8475,7.0,0.1753776920958195,75.087,2650.626482189719,7.041944646672875,6.671315981058515,5.930058649829791,53.772209954250286,56.759554951708616,63.854499320672204,1.3963904415288952,1.3228962077642168,1.1759077402348592,1.0,1.0,1.0,49.29361252671013,46.69921186740961,41.51041054880854,True,7.0,7.0,7.0
60742,Argonne National Laboratory CHP,IL,41.716534,-87.970608,6.3,0.191343997219417,9.8496,347.69814480503754,6.454344102489962,6.114641781306282,5.435237138938916,8.550858280672395,9.025905962931969,10.154144208298467,1.1518843695799716,1.091258876444184,0.9700078901726077,1.0,1.0,1.0,40.66236784568676,38.52224322222958,34.24199397531517,True,6.3,6.3,6.3
58194,West Campus Steam Plant,PA,40.792778,-77.864722,6.1,0.1753863306338625,71.36189999999999,2519.1277046542605,7.04159780033367,6.6709873897897936,5.929766568702038,58.64744999235618,61.90564165859818,69.64384686592295,1.21679459225083,1.1527527716060497,1.0246691303164888,1.0,1.0,1.0,42.953746582035386,40.69302307771774,36.171576069082434,True,6.1,6.1,6.1
54333,Bucknell University,PA,40.955015,-76.878843,5.9,0.1827808710134149,131.9004,4656.181406254302,6.756724558498023,6.401107476471813,5.6898733124193885,116.79968339142638,123.28855469095005,138.69962402731883,1.1292873077229768,1.069851133632294,0.950978785450928,1.0,1.0,1.0,39.864674895138336,37.766534111183695,33.57025254327439,True,5.9,5.9,5.9
63483,ACM - Midtown Thermal,NJ,39.359831,-74.434228,5.5,0.2106835762439643,1.5228,53.755963177094614,5.861871257443972,5.553351717578501,4.936312637847555,1.6673534879041811,1.759984237232191,1.9799822668862153,0.913303634200639,0.8652350218742897,0.7690977972215907,1.0,1.0,1.0,32.240291915941846,30.543434446681754,27.149719508161553,True,5.5,5.5,5.5
10122,CIP II/AR Bridgewater Holdings - NJCOE,NJ,40.624,-74.634,5.0,0.190974910284278,45.4302,1603.719568116656,6.466818066109448,6.126459220524741,5.445741529355325,49.59841305946874,52.35388045166144,58.898115508119126,0.915960757565549,0.8677522966410465,0.7713353747920412,1.0,1.0,1.0,32.33409033054724,30.632296102623705,27.228707646776623,True,5.0,5.0,5.0
58136,Adkins Energy LLC,IL,42.362222,-89.803611,5.0,0.1951372991524336,253.3284,8942.67936834272,6.328877182189891,5.995778383127266,5.3295807850020145,282.5992387246299,298.29919643155375,335.5865959854979,0.8964227969730945,0.8492426497639844,0.754882355345764,1.0,1.0,1.0,31.644385910949456,29.978891915636332,26.647903925010073,True,5.0,5.0,5.0
54933,Mondelez Global LLC,IL,42.3156,-89.0356,4.7,0.1995892769003921,80.2494,2832.863009839727,6.187707171344402,5.862038372852593,5.210700775868971,97.40874833177354,102.82034546131649,115.67288864398107,0.8238418147687421,0.780481719254598,0.6937615282263092,1.0,1.0,1.0,29.082223705318693,27.55158035240719,24.490293646584163,True,4.7,4.7,4.7
59373,Broshco Fabricated Products,OH,40.776111,-82.568611,4.7,0.1872563441339416,105.8274,3735.7852754975456,6.595237163856106,6.248119418389996,5.553883927457774,120.51847586511848,127.21394674651393,143.11569008982818,0.8781010483275576,0.831885203678739,0.7394535143811012,1.0,1.0,1.0,30.9976146701237,29.366161266432986,26.103254459051538,True,4.7,4.7,4.7
61822,"Princeton Energy Center, LLC",NJ,40.339838,-74.62393,4.6,0.2016010913697263,50.5917,1785.9243251028486,6.125958900366625,5.803540010873646,5.158702231887685,63.37692185257458,66.89786195549537,75.2600946999323,0.7982669167443133,0.7562528684946127,0.6722247719952114,1.0,1.0,1.0,28.17941094168647,26.696284050018768,23.73003026668335,True,4.6,4.6,4.6
54790,CSL Behring LLC,IL,41.1603,-87.8542,4.2,0.1979576099209687,210.7953,7441.229567050573,6.238709390828942,5.9103562649958405,5.2536500133296355,283.9884364693611,299.76557182877,337.2362683073663,0.7422671944698784,0.7032005000240955,0.6250671111325293,1.0,1.0,1.0,26.202579441481557,24.82349631298253,22.06533005598447,True,4.2,4.2,4.2
50326,Nalco,IL,41.800909,-88.197156,4.0,0.1925538844446107,28.0953,991.7848123518693,6.413789072924443,6.076221226981052,5.401085535094269,38.65830326953881,40.80598678451319,45.90673513257734,0.7267597805343403,0.6885092657693752,0.6120082362394447,1.0,1.0,1.0,25.65515629169777,24.304884907924208,21.604342140377074,True,4.0,4.0,4.0
59794,Chicago West Side Energy Center,IL,41.870751,-87.678378,3.5,0.1941339239722524,3.033,107.06713706076174,6.3615877881112555,6.026767378210665,5.35712655840948,4.8086439435698445,5.075790829323722,5.710264682989187,0.6307391513267999,0.5975423538885476,0.5311487590120423,1.0,1.0,1.0,22.265557258389393,21.093685823737328,18.74994295443318,True,3.5,3.5,3.5
63492,DCO Burlington,NJ,40.108316,-74.826404,3.5,0.2003215483971399,38.6955,1365.9796907796592,6.165088128969518,5.840609806392176,5.19165316123749,63.304839036675006,66.82177453871249,75.17449635605156,0.6112565893672388,0.579085189926858,0.514742391046096,1.0,1.0,1.0,21.577808451393313,20.442134322372617,18.170786064331214,True,3.5,3.5,3.5
10302,Juniata Locomotive Shop,PA,40.533299,-78.384125,1.5,0.1749612139237193,16.0002,564.8188613252885,7.058707311772785,6.687196400626851,5.9441745783349775,53.34488184857509,56.30848639571814,63.34704719518291,0.29993880285306856,0.28415255007132817,0.25258004450784727,1.0,1.0,1.0,10.588060967659178,10.030794600940276,8.916261867502467,True,1.5,1.5,1.5
64241,Maryland Bioenergy Center (Jessup),MD,39.1578,-76.78042,1.1,0.2042410490470797,9.8469,347.60283281358875,6.04677661891229,5.728525217916908,5.09202241592614,52.259674071096086,55.162989297268076,62.05836295942659,0.18842252989568772,0.17850555463802,0.15867160412268444,1.0,1.0,1.0,6.651454280803519,6.301377739708599,5.601224657518754,True,1.1,1.1,1.1
62901,Phoenix Contact - CCHP Plant,PA,40.229379,-76.75007,1.0,0.1946920513655391,57.3525,2024.585551690517,6.343350903839711,6.009490329953412,5.34176918218081,319.1665702215858,336.8980463450072,379.01030213813306,0.17969457127098942,0.17023696225672685,0.15132174422820166,1.0,1.0,1.0,6.343350903839711,6.009490329953412,5.34176918218081,True,1.0,1.0,1.0
62949,Guernsey Power Station,OH,39.9364,-81.5354,2055.0,0.1783867371329704,55.1151,1945.6036814433198,6.923160431368978,6.558783566560086,5.830029836942298,0.13675340779832698,0.14435081934267846,0.16239467176051325,403.0254228200247,381.8135584610761,339.3898297431788,0.0,0.0,0.0,14227.09468646325,13478.300229280976,11980.711314916423,False,281.0282530255619,296.64093374920424,333.72105046785475
59913,Greensville County Power Station,VA,36.718236,-77.649559,1773.3,0.2102586119023634,93.8898,3314.3791906388087,5.873718982666403,5.564575878315541,4.9462896696138134,0.3182048647112989,0.3358829127508154,0.3778682768446674,295.06085673826635,279.5313379625682,248.47230041117172,0.0,0.0,0.0,10415.86587196233,9867.662405016948,8771.255471126175,False,564.2726865925463,595.621169181021,670.0738153286487
2406,PSEG Linden Generating Station,NJ,40.6217,-74.2072,1740.0,0.1948787606016266,4.1859,147.7653574093777,6.33727347293942,6.0037327638373466,5.336651345633196,0.013400497795056034,0.014144969894781366,0.015913091131629042,312.3689928552014,295.928519547033,263.04757293069594,0.0,0.0,0.0,11026.85584291459,10446.495009076983,9285.77334140176,False,23.3168661633975,24.612247616919575,27.688778569034532
55199,Elwood Energy LLC,IL,41.4388,-88.1236,1728.0,0.196745311091752,97.2144,3431.7400227760354,6.277150866503033,5.946774505108138,5.286021782318344,0.3163793102259931,0.33395593857188144,0.37570043089336674,307.27167313993675,291.0994798167823,258.75509317047306,0.0,0.0,0.0,10846.91669731724,10276.026344826863,9134.245639846098,False,546.7034480705161,577.0758618522111,649.2103445837378
60357,Lackawanna Energy Center,PA,41.471389,-75.544167,1498.5,0.1722717560658029,19.4823,687.7395596303588,7.168905850871255,6.791595016614874,6.03697334810211,0.06401981017640791,0.06757646629731946,0.0760235245844844,304.3167411199145,288.3000705346559,256.2667293641386,0.0,0.0,0.0,10742.605417530576,10177.205132397388,9046.404562131012,False,95.93368554934726,101.26333474653322,113.92125158984987
55939,Warren County,VA,38.971667,-78.177222,1472.2,0.1973518537237092,66.78359999999999,2357.510337820998,6.25785862507777,5.92849764481052,5.269775684276017,0.2558945549786031,0.270110919144081,0.3038747840370911,260.9809341413465,247.24509550232835,219.77341822429185,0.0,0.0,0.0,9212.819467839492,8727.934232690048,7758.163762391153,False,376.72796383949947,397.65729516391605,447.36445705940554
58260,Brunswick County Power Station,VA,36.765,-77.713889,1472.2,0.2039219354247803,92.7873,3275.460127463903,6.056239106535689,5.737489679875917,5.09999082655637,0.36736898678676744,0.38777837494158784,0.4362506718092864,252.5724907036224,239.27920171922125,212.69262375041885,0.0,0.0,0.0,8915.995212641843,8446.732306713326,7508.206494856288,False,540.840622347479,570.8873235890056,642.2482390376315
55524,York Energy Center,PA,39.7375,-76.306666,1449.4,0.2020913536386663,93.3399,3294.9673150470803,6.111097668276028,5.7894609488930815,5.146187510127183,0.3720005904400628,0.392667289908955,0.4417507011475745,250.91331142668992,237.70734766739054,211.29542014879155,0.0,0.0,0.0,8857.424960399276,8391.244699325633,7458.884177178339,False,539.177655783827,569.1319699940394,640.2734662432945
55736,Hanging Rock Energy Facility,OH,38.5731,-82.7833,1429.8000000000002,0.1828371130569148,34.855199999999996,1230.414268275721,6.7546461402262485,6.399138448635395,5.688123065453684,0.12740118386681248,0.13447902741496873,0.15128890584183982,273.58615471295974,259.1868834122777,230.3883408109135,0.0,0.0,0.0,9657.793051295492,9149.488153858889,8132.8783589856785,False,182.1582126927685,192.2781133979223,216.31287757266261
2398,Bergen Generating Station,NJ,40.8375,-74.0244,1400.8,0.1975534997434657,0.9747,34.407628912998504,6.251471128599173,5.922446332357112,5.264396739872988,0.0039291298608067305,0.00414741485307377,0.004665841709707992,248.07019226386024,235.01386635523605,208.9012145379876,0.0,0.0,0.0,8757.06075694172,8296.162822365843,7374.366953214082,False,5.503925109018068,5.8096987261857365,6.535911066958954
55298,Fairless Energy Center,PA,40.1475,-74.7411,1338.0,0.1973039015502958,54.3483,1918.535075871875,6.259379517060281,5.929938489846584,5.271056435419185,0.2290774530422552,0.2418039782112693,0.27202947548767803,237.24857806051742,224.76181079417447,199.78827626148836,0.0,0.0,0.0,8375.049793826656,7934.257699414729,7052.673510590869,False,306.50563217053747,323.53372284667836,363.9754382025132
52019,Doswell Energy Center,VA,37.820805,-77.446246,1313.0,0.1997440146345311,73.6344,2599.3486307902913,6.182913677086458,5.85749716776612,5.206664149125439,0.3201891585230377,0.33797744510765076,0.38022462574610716,229.97155912354847,217.86779285388812,193.66026031456718,0.0,0.0,0.0,8118.165658014519,7690.893781276915,6836.350027801702,False,420.4083651407485,443.7643854263454,499.2349336046387
63931,CPV Three Rivers Energy Center,IL,41.372222,-88.284444,1300.0,0.1921312599247029,116.6868,4119.130105104416,6.427897264005877,6.0895868816897805,5.412966117057582,0.4929390575443696,0.5203245607412789,0.5853651308339387,236.71648292851492,224.25772066911946,199.3401961503284,0.0,0.0,0.0,8356.26644320764,7916.462946196714,7036.855952174857,False,640.8207748076806,676.4219289636625,760.9746700841204
62926,"Jackson Generation, LLC",IL,41.438536,-88.110626,1288.6,0.1957955844223024,101.2635,3574.676239285343,6.307598833977204,5.975619947978405,5.311662175980804,0.43979928842926663,0.4642325822308925,0.5222616550097541,230.24934933764973,218.13096253040507,193.8941889159156,0.0,0.0,0.0,8127.971857463025,7700.183864964973,6844.607879968864,False,566.7253630699529,598.210105462728,672.9863686455691
55131,Kendall County Generation Facility,IL,41.4797,-88.2581,1256.0,0.1994728341643485,158.5638,5597.419092474517,6.191319259957303,5.865460351538498,5.213742534700887,0.7198052105401942,0.759794388903538,0.8547686875164805,220.28709667300433,208.6930389533726,185.50492351410892,0.0,0.0,0.0,7776.296990506372,7367.018201532354,6548.460623584314,False,904.0753444384839,954.3017524628438,1073.5894715206996
55502,"Lawrenceburg Power, LLC",IN,39.0911,-84.8669,1232.0,0.1898913649312913,58.7889,2075.291531141251,6.503718589030427,6.161417610660407,5.476815653920361,0.25900411527864353,0.2733932327941236,0.30756738689338914,226.9805633657725,215.03421792546877,191.14152704486108,0.0,0.0,0.0,8012.581301685486,7590.866496333621,6747.436885629884,False,319.0930700232888,336.8204628023603,378.9230206526554
60356,South Field Energy,OH,40.63534,-80.678245,1210.4,0.1785110739907774,32.7753,1156.992264196368,6.918338299078325,6.554215230705783,5.825969093960695,0.13816554214400628,0.14584140559645106,0.16407158129600746,237.21761223097997,224.73247474513894,199.7621997734568,0.0,0.0,0.0,8373.956677204405,7933.22211524628,7051.752991330026,False,167.23557221110522,176.5264373339444,198.59224200068743
60589,CPV Fairview Energy Center,PA,40.412,-78.855,1197.0,0.1712056261400532,21.7656,768.3417337321845,7.213547988135153,6.833887567706989,6.074566726850656,0.08898388184574303,0.09392743083717317,0.10566835969181983,244.6016014195863,231.72783292381868,205.98029593228324,0.0,0.0,0.0,8634.616941797778,8180.163418545266,7271.256372040235,False,106.51370656935441,112.43113471209628,126.48502655110833
60368,Hummel Station LLC,PA,40.839014,-76.825517,1194.4,0.1840271158715571,80.1729,2830.1625034153462,6.710967534056101,6.357758716474202,5.6513410813104015,0.35308270101997724,0.37269840663219805,0.41928570746122285,227.0654998627754,215.1146840805241,191.21305251602143,0.0,0.0,0.0,8015.579622676607,7593.707010956788,6749.961787517144,False,421.7219780982609,445.1509768814974,500.7948489916846
55297,New Covert Generating Facility,MI,42.32238,-86.29368,1176.0,0.1883325575093557,56.3247,1988.3034536123596,6.5575491371886105,6.212414972073422,5.522146641843041,0.25783020361583925,0.2721541038167192,0.3061733667938091,218.4565625364918,206.95884871878172,183.9634210833615,0.0,0.0,0.0,7711.677785333806,7305.800007158344,6494.044450807416,False,303.20831945222693,320.05322608846177,360.05987934951946
55460,Indeck Niles Energy Center,MI,41.862114,-86.221394,1174.4,0.1880817041401602,147.7665,5216.266438670969,6.566295247302027,6.220700760601922,5.529511787201708,0.6764307114766575,0.7140101954475827,0.8032614698785306,218.45031204663036,206.9529272020709,183.9581575129519,0.0,0.0,0.0,7711.457138431501,7305.590973250897,6493.858642889686,False,794.4002275581865,838.5335735336412,943.3502702253464
55690,Bethlehem Power Plant,PA,40.6175,-75.3147,1153.0,0.1905029107085935,51.3891,1814.0731332440457,6.482840579213731,6.1416384434656415,5.459234171969459,0.2426946161369207,0.25617765036674955,0.28819985666259323,211.74388133524923,200.5994665281309,178.31063691389411,0.0,0.0,0.0,7474.715187833432,7081.309125315885,6294.497000280786,False,279.82689240586956,295.3728308728622,332.29443473197
55198,Riverside Generating LLC,KY,38.191661,-82.604586,1150.0,0.1865974179366376,11.7621,415.2108054145683,6.618526738774947,6.2701832262078465,5.573496201073641,0.054551849455905736,0.05758250775901159,0.06478032122888805,215.61322150053422,204.2651572110325,181.56902863202887,0.0,0.0,0.0,7611.305749591189,7210.710710139024,6409.520631234687,False,62.7346268742916,66.21988392286333,74.49736941322125
60464,Tenaska Westmoreland Generating Station,PA,40.175249,-79.696665,1134.0,0.1770631101341212,60.0912,2121.263681683365,6.974914193388538,6.60781344636809,5.873611952327191,0.26819009410521544,0.2830895437777273,0.3184757367499433,224.06196694358604,212.26923184129208,188.68376163670405,0.0,0.0,0.0,7909.552695302602,7493.260448181414,6660.675953939034,False,304.1275667153143,321.0235426439428,361.1514854744357
59220,Wildcat Point Generation Facility,MD,39.719364,-76.161625,1113.6,0.2034933459919951,110.3274,3894.6385945787947,6.068994511734952,5.749573747959429,5.110732220408381,0.5762636109175044,0.6082782559684768,0.6843130379645366,191.45300503070288,181.37653108171855,161.22358318374978,0.0,0.0,0.0,6758.432288268043,6402.72532572762,5691.311400646772,False,641.7271571177329,677.3786658464958,762.0509990773079
59906,Moxie Freedom Generation Plant,PA,41.113056,-76.158056,1105.0,0.1788016940049349,50.9715,1799.3315452333059,6.907093396810402,6.5435621653993294,5.816499702577182,0.235751023770665,0.24884830286903523,0.2799543407276646,216.20902927481788,204.82960668140646,182.0707614945835,0.0,0.0,0.0,7632.338203475494,7230.636192766259,6427.232171347786,False,260.50488126658485,274.97737467028395,309.3495465040694
7153,Hay Road,DE,39.7436,-75.5072,1098.2,0.1999599993011823,27.0621,955.3120902908145,6.176235268634039,5.851170254495407,5.201040226218138,0.14084453611390763,0.14866923256468023,0.16725288663526527,192.14163890684125,182.02892106963913,161.80348539523476,0.0,0.0,0.0,6782.7415720139015,6425.755173486856,5711.7823764327595,False,154.67546956029335,163.26855120253182,183.67712010284833
55279,Aurora,IL,41.8151,-88.2265,1086.2,0.1948354957912065,33.606,1186.3165868987667,6.338680716184669,6.005065941648636,5.337836392576564,0.17230263838032314,0.18187500717922991,0.2046093830766337,195.04054212925965,184.77525043824602,164.24466705621867,0.0,0.0,0.0,6885.074993919788,6522.702625818748,5797.957889616664,False,187.155125808707,197.55263279807954,222.24671189783953
59764,Oregon Clean Energy Center,OH,41.667928,-83.443664,1060.0,0.1884140170368299,89.3142,3152.857135796995,6.554714025117306,6.209729076426923,5.519759179046153,0.4537792973025328,0.4789892582637846,0.5388629155467577,196.8229941976718,186.4638892398996,165.7456793243552,0.0,0.0,0.0,6947.996866624345,6582.312821012538,5850.944729788922,False,481.0060551406848,507.7286137596117,571.1946904795632
54,J K Smith,KY,37.8833,-84.1017,1055.0,0.1993336869107553,67.3443,2377.303461378522,6.1956411840861,5.869554805976307,5.217382049756717,0.36370218075659094,0.3839078574652903,0.43189633964845164,185.16331098127355,175.41787356120656,155.9269987210725,0.0,0.0,0.0,6536.401449210835,6192.380320305004,5504.338062493336,False,383.70580069820346,405.0227896258813,455.6506383291165
61028,Hickory Run Energy Station,PA,40.994444,-80.43,1033.7,0.1720584637548518,87.3999,3085.2809338598317,7.1777927865241375,6.8000142188123425,6.044457083388748,0.41582374210331047,0.43892506110904983,0.49379069374768114,210.18496817405315,199.1226014280504,176.99786793604477,0.0,0.0,0.0,7419.684403430001,7029.174697986318,6248.155287098949,False,429.83700221219203,453.71683566842484,510.43144012697803
55439,Tenaska Virginia Generating Station,VA,37.8667,-78.3813,1011.4,0.2010454543679576,61.8705,2184.0742840480907,6.142889446978876,5.819579476085252,5.172959534298002,0.35153757833557375,0.3710674437986611,0.41745087427349375,175.99967631608115,166.73653545734007,148.21025373985785,0.0,0.0,0.0,6212.918386674435,5885.922682112624,5231.931272988999,False,355.5451067285993,375.29761265796583,422.2098142402116
55401,Rolling Hills Generating,OH,39.0839,-82.3328,977.5,0.180732958319688,36.8181,1299.706086058962,6.833286034169155,6.473639400791832,5.754346134037183,0.19458026310988266,0.20539027772709834,0.23106406244298566,189.21806051422706,179.2592152240046,159.34152464355964,0.0,0.0,0.0,6679.537098400348,6327.982514274016,5624.873346021346,False,190.2022071899103,200.76899647823862,225.8651210380185
60376,"Clean Energy Future-Lordstown, LLC",OH,41.14889,-80.85162,962.0,0.1751083269246571,83.6775,2953.8774683158226,7.0527771105447,6.681578315252875,5.939180724669222,0.43536874209198584,0.4595558944304294,0.5170003812342331,192.1991450234165,182.08340054849987,161.85191159866653,0.0,0.0,0.0,6784.771580344001,6427.678339273266,5713.491857131791,False,418.8247298924904,442.09277044207306,497.3543667473322
55503,"Waterford Power, LLC",OH,39.5333,-81.7178,921.6,0.1834239254530605,61.9911,2188.3315529994684,6.733036581512073,6.378666235116703,5.669925542325958,0.35266282512015246,0.3722552042934942,0.41878710483018095,175.7800810983681,166.52849788266457,148.0253314512574,0.0,0.0,0.0,6205.166513521527,5878.578802283553,5225.4033798076025,False,325.0140596307325,343.07039627688425,385.95419581149474
7839,Ladysmith,VA,38.0722,-77.5133,892.5,0.1985605565634254,67.8825,2396.302318340639,6.219764999528035,5.8924089469212975,5.23769684170782,0.43167749420968154,0.45565957722133044,0.5126170243739968,157.25281236697268,148.9763485581847,132.4234209406086,0.0,0.0,0.0,5551.140262078771,5258.974985127258,4674.644431224229,False,385.27216358214076,406.67617267003743,457.51069425379217
58420,Hamilton Liberty,PA,41.7675,-76.39,870.0,0.1793785015660433,68.72579999999999,2426.071430336465,6.884883022313014,6.522520757980752,5.797796229316223,0.40503053456739957,0.427532230932255,0.4809737597987869,169.68054043975687,160.7499856797697,142.88887615979527,0.0,0.0,0.0,5989.848229412322,5674.593059443254,5044.082719505114,False,352.3765650736376,371.95304091106186,418.4471710249446
58426,Hamilton Patriot Generation Plant,PA,41.180833,-76.839167,870.0,0.1790513456048088,108.6894,3836.8159864332206,6.8974628245789145,6.5344384653905525,5.808389747013824,0.6393848622168644,0.6749062434511345,0.7592695238825263,169.99057441421735,161.043702076627,143.14995740144624,0.0,0.0,0.0,6000.792657383656,5684.9614648897805,5053.299079902027,False,556.2648301286721,587.168431802487,660.5644857777979
55801,Marcus Hook Energy LP,PA,39.807038,-75.421606,836.0999999999999,0.1973805775172895,30.1086,1062.8557873088198,6.256947950675747,5.927634900640182,5.2690088005690505,0.20316719095027985,0.21445425711418428,0.24126103925345732,148.1961721239151,140.39637359107746,124.79677652540218,0.0,0.0,0.0,5231.434181559992,4956.095540425255,4405.4182581557825,False,169.86808835352898,179.30520437316946,201.71835491981565
59773,Carroll County Energy,OH,40.60441,-81.05918,832.3,0.1791888923213329,79.9893,2823.681287996831,6.892168281197472,6.52942258218708,5.803931184166293,0.4922434075075378,0.5195902634801788,0.5845390464152012,162.49948456399613,153.9468801132595,136.8416712117862,0.0,0.0,0.0,5736.351660440656,5434.438415154306,4830.611924581605,False,409.6941880685237,432.45497629455275,486.5118483313719
60302,Keys Energy Center,MD,38.695519,-76.827785,830.6,0.2011869848660598,49.419,1744.527150150275,6.138568063049411,5.815485533415233,5.169320474146874,0.34215172228622964,0.36116015130213125,0.40630517021489765,144.4359235422996,136.83403282954703,121.6302514040418,0.0,0.0,0.0,5098.694633168841,4830.342284054693,4293.637585826394,False,284.19122053094236,299.9796216715502,337.477074380494
55239,Red Oak Power LLC,NJ,40.448674,-74.348879,821.0999999999999,0.1993732138553942,10.5993,374.1631077639736,6.19441286077551,5.868391131261011,5.2163476722320095,0.0735639031683336,0.07765078667768545,0.08735713501239614,144.08289315135997,136.49958298549893,121.3329626537768,0.0,0.0,0.0,5086.232399982771,4818.5359578784155,4283.143073669702,False,60.40332089151871,63.759060941047515,71.72894355867847
59004,"Potomac Energy Center, LLC",VA,39.058056,-77.545,812.0,0.2057299731945842,61.7373,2179.372225803286,6.003014440836524,5.687066312371445,5.055170055441284,0.44710136374975695,0.47194032840252115,0.5309328694528365,138.0834526699284,130.81590252940586,116.28080224836074,0.0,0.0,0.0,4874.447725959258,4617.897845645613,4104.798085018322,False,363.04630736480266,383.21554666284715,431.1174899957032
7835,Essential Power Rock Springs LLC,MD,39.71901,-76.15976,795.6,0.2048995721528133,110.4336,3898.387532909112,6.0273429906380755,5.710114412183442,5.075657255274169,0.8129509239877408,0.8581148642092816,0.965379222235442,135.8428863802673,128.6932607813059,114.39400958338301,0.0,0.0,0.0,4795.354083351653,4542.967026333146,4038.192912296129,False,646.7837551246466,682.7161859649045,768.0557092105178
56846,CPV St Charles Energy Center,MD,38.5686,-76.8919,775.3,0.2047217569215312,45.3438,1600.6695843902962,6.032578161554999,5.7150740477889475,5.080065820256841,0.3422385688154551,0.3612518226385359,0.4064083004683529,132.49178827781589,125.51853626319402,111.57203223395024,0.0,0.0,0.0,4677.057848653591,4430.8969092507705,3938.575030445129,False,265.3375624026223,280.07853809165687,315.08835535311397
57839,Woodbridge Energy Center,NJ,40.515,-74.318889,772.9,0.1991262369938917,5.7294,202.25204585424606,6.202095809392934,5.875669714161728,5.222817523699313,0.04219210032908506,0.04453610590292311,0.0501031191407885,135.79319245338556,128.64618232426005,114.35216206600892,0.0,0.0,0.0,4793.599851079798,4541.3051220756,4036.715664067199,False,32.61027434434984,34.42195625236927,38.72470078391543
56963,West Deptford Energy Station,NJ,39.8414,-75.2214,754.6,0.1976924609870397,37.3284,1317.7200524427758,6.247076867948768,5.918283348583045,5.260696309851594,0.2795306949327615,0.2950601779845815,0.33194270023265426,133.5395385074938,126.51114174394154,112.45434821683689,0.0,0.0,0.0,4714.04420455414,4465.936614840766,3969.7214354140133,False,210.93386239626184,222.6524103071652,250.4839615955609
58079,Newark Energy Center,NJ,40.707222,-74.125833,735.0,0.1934834513680768,1.9296,68.11630322203952,6.382974829462675,6.047028785806747,5.375136698494885,0.014519130179112239,0.01532574852239625,0.01724146708769578,132.90052339195873,125.9057590029083,111.91623022480736,0.0,0.0,0.0,4691.486499655067,4444.566157567959,3950.7254733937407,False,10.671560681647495,11.264425163961244,12.6724783094564
55193,Ontelaunee Energy Center,PA,40.4219,-75.9356,728.0,0.1879740677637147,76.2633,2692.150739797557,6.570055192679063,6.224262814117009,5.532678056992896,0.5628581723459989,0.5941280708096653,0.6683940796608735,135.49292476670232,128.3617182000338,114.09930506669672,0.0,0.0,0.0,4783.000180270358,4531.2633286771825,4027.7896254908287,False,409.7607494678872,432.5252355494364,486.5908899931159
55397,Washington Energy Facility,OH,39.58,-81.6564,714.9000000000001,0.1819546780762258,51.6753,1824.1762043376132,6.787404495764734,6.4301726801981705,5.7157090490650395,0.3759393250714399,0.3968248431309643,0.44642794852233486,137.45648979441063,130.22193769996798,115.75283351108264,0.0,0.0,0.0,4852.315474022209,4596.930449073672,4086.1603991765974,False,268.75902349357244,283.6900803543264,319.1513403986172
55516,Fayette Energy Facility,PA,39.8592,-79.9182,714.9000000000001,0.1771048162220281,47.7594,1685.9420460731105,6.9732716836550495,6.606257384515311,5.872228786235832,0.33818999767331714,0.3569783308773903,0.4016006222370641,141.22061660183797,133.78795257016233,118.92262450681093,0.0,0.0,0.0,4985.191926644996,4722.813404189997,4198.056359279996,False,241.77202933665447,255.20380874424634,287.1042848372772
55347,Armstrong,PA,40.638021,-79.351725,688.0,0.174161855366845,39.8628,1407.186241749335,7.091104980471547,6.717888928867783,5.971456825660251,0.28843584256397925,0.30446005603975584,0.34251756304472536,138.20335103172155,130.92949045110467,116.3817692898708,0.0,0.0,0.0,4878.680226564425,4621.9075830610345,4108.3622960542525,False,198.44385968401772,209.46851855535203,235.65208337477105
55350,Dresden Energy Facility,OH,40.0928,-82.0276,678.3,0.1821407338424982,82.5759,2914.990175804733,6.780471199089031,6.4236042938738205,5.709870483443395,0.6338046232093059,0.6690159911653781,0.7526429900610505,130.286048690955,123.42888823353634,109.71456731869897,0.0,0.0,0.0,4599.193614342089,4357.130792534612,3873.005148919655,False,429.9096759228721,453.79354680747593,510.5177401584105
2847,Tait Electric Generating Station,OH,39.727249,-84.211084,669.8,0.1940789108020652,34.811099999999996,1228.8575057487249,6.363391029433055,6.028475712094475,5.358645077417311,0.28831535457034746,0.30433287426870004,0.34237448355228756,120.7396673405622,114.38494800684845,101.67550933942083,0.0,0.0,0.0,4262.19931151426,4037.8730319608794,3589.2204728541146,False,193.11362449121873,203.84215918517526,229.3224290833222
62565,"Hill Top Energy Center, LLC",PA,39.894212,-79.938201,664.7,0.1801771447726302,44.1036,1556.8896096515039,6.854365472149509,6.493609394667958,5.772097239704851,0.3417156619231381,0.36069986536331233,0.40578734853372644,129.0651992706152,122.27229404584602,108.68648359630757,0.0,0.0,0.0,4556.096729337779,4316.302164635792,3836.713035231815,False,227.13840048030994,239.7572005069937,269.72685057036796
55667,Lower Mount Bethel Energy,PA,40.801924,-75.107563,651.6,0.184829252959232,95.6664,3377.094481012086,6.681842729042493,6.3301667959349945,5.626814929719994,0.7756501593066574,0.8187418348236938,0.9210845641766556,123.33704680150498,116.84562328563632,103.86277625389894,0.0,0.0,0.0,4353.888722244088,4124.736684231242,3666.432608205548,False,505.41364380421794,533.4921795711189,600.1787020175088
55231,Liberty Electric Power Plant,PA,39.8614,-75.3358,614.0,0.198773419223605,20.5506,725.4513375802474,6.213104371921673,5.886098878662639,5.232087892144568,0.19016529672178656,0.20073003542855242,0.2258212898571215,108.06703617466916,102.37929742863396,91.00381993656352,0.0,0.0,0.0,3814.8460843599073,3614.0647114988606,3212.501965776765,False,116.76149218717694,123.24824175313118,138.6542719722726
3804,Possum Point,VA,38.5367,-77.2806,613.0,0.198615567646835,10.2663,362.40796215196116,6.218042294630171,5.890776910702269,5.23624614284646,0.09507877647270603,0.10036093072118968,0.11290604706133842,107.97677863415832,102.29379028499213,90.92781358665964,0.0,0.0,0.0,3811.659926608295,3611.046246260491,3209.81888556488,False,58.283289977768796,61.521250532089276,69.21140684860045
2411,PSEG Sewaren Generating Station,NJ,40.5558,-74.2469,609.5,0.202679408931618,4.9833,175.914165550575,6.093366891634643,5.772663371022294,5.131256329797594,0.04736633411801582,0.049997797124572245,0.05624752176514378,105.20763518628726,99.67039122911427,88.59590331476822,0.0,0.0,0.0,3713.9071204513148,3518.4383246380885,3127.5007330116337,False,28.869780644930643,30.473657347426784,34.28286451585514
2404,PSEG Kearny Generating Station,NJ,40.737283,-74.096464,605.0,0.1919011779096031,1.746,61.63508780352456,6.435604061699707,6.096888058452356,5.419456051957649,0.015830087931285413,0.016709537260801263,0.01879822941840142,110.29629194600588,104.4912239488477,92.8810879545313,0.0,0.0,0.0,3893.5404573283226,3688.617275363675,3278.770911434378,False,9.577203198427675,10.109270042784765,11.37292879813286
55392,Zion Energy Center,IL,42.4776,-87.895,596.7,0.1991517499042977,83.1726,2936.0541259149068,6.201301271987209,5.874916994514199,5.222148439568176,0.7934602757673099,0.8375414021988269,0.9422340774736804,104.82263894001316,99.30565794317039,88.2716959494848,0.0,0.0,0.0,3700.3164689947675,3505.5629706266227,3116.055973890331,False,473.4577465503539,499.76095469204006,562.2310740285451
56807,Bear Garden,VA,37.695556,-78.285278,559.0,0.1970424247512121,61.7364,2179.3404551394697,6.267685761375117,5.937807563408007,5.278051167473783,0.6220224484715929,0.6565792511644591,0.7386516575600166,99.2510803294898,94.02733925951668,83.57985711957036,0.0,0.0,0.0,3503.6363406086903,3319.234427945076,2950.4306026178447,False,347.71054869562045,367.0278014009327,412.90627657604927
55710,Allegheny Energy Units 3 4 & 5,PA,40.545278,-79.768611,556.0,0.1752978282469134,6.7905,239.70965849360454,7.045152882672666,6.674355362532001,5.932760322250667,0.06119561725415512,0.06459537376827484,0.0726697954893092,110.9638288604554,105.12362734148407,93.44322430354138,0.0,0.0,0.0,3917.1050027660026,3710.9415815677926,3298.6147391713707,False,34.02476319331025,35.91502781516081,40.40440629205592
7837,Louisa Generation Facility,VA,38.1181,-78.2139,545.7,0.2039380882796476,58.1202,2051.685927925778,6.05575942394106,5.737035243733637,5.099586883318788,0.6208523256040609,0.655344121470953,0.7372621366548222,93.61356574359563,88.68653596761693,78.83247641565949,0.0,0.0,0.0,3304.627917644637,3130.700132505446,2782.844562227063,False,338.79911408213604,357.62128708669906,402.32394797253653
55438,MRP Elgin LLC,IL,42.000061,-88.244572,540.0,0.1932413482114189,35.1396,1240.4537980416562,6.390971763707774,6.054604828775787,5.3818709589118106,0.3594346443657892,0.37940323571944407,0.4268286401843746,97.76353100854452,92.61808200809483,82.3271840071954,0.0,0.0,0.0,3451.124752402198,3269.486607538925,2906.2103178123775,False,194.09470795752617,204.8777472884998,230.48746569956228
61035,Birdsboro Power,PA,40.268522,-75.799669,525.0,0.1923324536871352,58.369499999999995,2060.486401802879,6.421173215046479,6.083216730044034,5.407303760039141,0.6112178992831679,0.6451744492433438,0.725821255398762,95.49703971113301,90.47087972633656,80.41855975674359,0.0,0.0,0.0,3371.1159378994016,3193.688783273118,2838.834474020549,False,320.8893971236632,338.7165858527555,381.05615908435004
61322,Long Ridge Energy Generation,OH,39.70257,-80.84552,521.9,0.1784436647420925,5.4027,190.71929488894742,6.920951784895055,6.556691164637422,5.828169924122152,0.05280092269062296,0.055734307284546446,0.06270109569511476,102.3220755375072,96.93670314079631,86.1659583473745,0.0,0.0,0.0,3612.044736536729,3421.9371188242703,3041.721883399351,False,27.556801552236124,29.08773497180479,32.72370184328039
55276,Ceredo Generating Station,WV,38.3681,-82.5339,519.0,0.1814534625749063,9.5724,337.9127803496326,6.80615284202789,6.447934271394844,5.7314971301287505,0.09566114225075409,0.10097565015357375,0.11359760642277046,100.06570875881991,94.79909250835571,84.2658600074273,0.0,0.0,0.0,3532.393325012475,3346.4778868539242,2974.6470105368217,False,49.64813282814137,52.40636242970478,58.95715773341787
2393,Gilbert,NJ,40.565833,-75.163889,512.0,0.1918261385377326,67.8258,2394.3007665202153,6.438121568907424,6.09927306528072,5.421576058027306,0.7263560705647556,0.7667091855961305,0.862547833795647,93.37816912201774,88.46352864191158,78.63424768169916,0.0,0.0,0.0,3296.318243280601,3122.8278094237285,2775.8469417099805,False,371.89430812915487,392.55510302521884,441.6244909033713
1571,Chalk Point Power,MD,38.5444,-76.6861,456.0,0.204034305562555,43.4133,1532.5215105044404,6.052903684970567,5.734329806814223,5.097182050501531,0.5552364552799407,0.586082925017715,0.6593432906449294,78.1888501505395,74.07364751103744,65.84324223203328,0.0,0.0,0.0,2760.1240803465785,2614.854391907286,2324.3150150286983,False,253.18782360765294,267.253813808078,300.6605405340878
3797,Chesterfield,VA,37.3822,-77.3833,446.6,0.2024197138903424,41.6421,1469.9968441140609,6.101184396837163,5.780069428582577,5.137839492073401,0.5394901661048108,0.5694618419995223,0.6406445722494627,77.18787591748222,73.12535613235158,65.0003165620903,0.0,0.0,0.0,2724.788951627477,2581.379006804979,2294.5591171599813,False,240.93630818240854,254.32165863698668,286.1118659666101
10308,Sayreville Cogeneration Facility,NJ,40.439,-74.3444,430.2000000000001,0.19937810407482,11.4498,404.1863850703296,6.194260928153601,5.868247195092887,5.2162197289714545,0.15167771537986746,0.1601042551231934,0.18011728701359256,75.48768763641174,71.51465144502166,63.56857906224148,0.0,0.0,0.0,2664.7710512916797,2524.5199433289604,2244.0177274035204,False,65.251753156419,68.87685055399781,77.48645687324753
2869,West Lorain,OH,41.429444,-82.264444,425.0,0.1893931015502601,41.2875,1457.4792025704585,6.520828846938031,6.177627328678136,5.491224292158343,0.5259090385707434,0.555126207380229,0.6245169833027577,78.50692224687094,74.37497897071985,66.11109241841764,0.0,0.0,0.0,2771.3522599486632,2625.491614688208,2333.7703241672957,False,223.51134139256595,235.92863813659733,265.41971790367205
10633,Hopewell Cogeneration,VA,37.291667,-77.281111,399.0,0.2052216770949176,41.643,1470.028614777877,6.017882796215513,5.7011521227304875,5.0676907757604335,0.6122223325565626,0.6462346843652602,0.7270140199109177,68.01940697933075,64.43943819094494,57.27950061417328,0.0,0.0,0.0,2401.1352356899897,2274.7596969694646,2022.008619528413,False,244.27671069006846,257.84763906173885,290.0785939444562
55938,NAEA Ocean Peaking Power LLC,NJ,40.0633,-74.1672,383.0,0.2043232975499462,9.5346,336.5784124693501,6.044342543454243,5.726219251693495,5.089972668171995,0.1453912984426455,0.15346859280057024,0.17265216690064156,65.5788902233461,62.127369685275255,55.22432860913355,0.0,0.0,0.0,2314.983194142975,2193.1419733986086,1949.459531909874,False,55.68486730353323,58.7784710426184,66.12577992294571
55349,Pleasants Energy LLC,WV,39.3325,-81.3642,382.8,0.1827270888468907,21.7161,766.5943472222908,6.758713269026147,6.4029915180247725,5.691548016022019,0.2962986419995256,0.31275967766616586,0.3518546373744366,73.29125727155635,69.43382267831656,61.71895349183693,0.0,0.0,0.0,2587.2354393832093,2451.065153099883,2178.724580533229,False,113.42312015741841,119.72440461060829,134.68995518693436
55109,MRP Rocky Road LLC,IL,42.0931,-88.2397,374.0,0.1957741579616541,38.3571,1354.0339211847493,6.308289167776152,5.976273948419514,5.312243509706234,0.5739133793142545,0.6057974559428241,0.6815221379356772,66.83430179974428,63.31670696817881,56.28151730504783,0.0,0.0,0.0,2359.300148748281,2235.1264567088983,1986.7790726301316,False,214.64360386353115,226.56824852261622,254.88927958794326
7212,Darbytown,VA,37.498223,-77.368544,368.4,0.2077206967819128,31.5054,1112.1638575516397,5.9454836187875575,5.632563428325056,5.006723047400049,0.5077640731696463,0.5359731883457377,0.6029698368889549,62.047320133013635,58.781671704960296,52.250374848853596,0.0,0.0,0.0,2190.316165161336,2075.03636699495,1844.476770662178,False,187.0602845556977,197.45252258656976,222.13408790989098
7032,Gravel Neck,VA,37.1575,-76.6911,367.6,0.2043996521766565,35.0064,1235.751739796851,6.042084645685337,5.724080190649269,5.088071280577127,0.5563766851646846,0.587286501007167,0.6606973136330629,62.918524326083656,59.60702304576348,52.98402048512308,0.0,0.0,0.0,2221.07031575393,2104.1718780826714,1870.375002740152,False,204.5240694665381,215.88651777023458,242.87233249151396
55284,Big Sandy Peaker Plant,WV,38.3441,-82.5938,353.4,0.1828515018610917,12.4614,439.89661119979434,6.754114609013179,6.398634892749329,5.687675460221625,0.1842958879994848,0.19453454844390053,0.21885136699938817,67.61626716291595,64.05751625960461,56.940014452981856,0.0,0.0,0.0,2386.9041028252573,2261.277571097613,2010.024507642322,False,65.13016681901792,68.74850942007444,77.34207309758378
3096,Brunot Island,PA,40.464851,-80.043761,339.9,0.1759306732259982,0.9945,35.106583516956,7.019810572847268,6.650346858486887,5.911419429766121,0.014713365023537053,0.015530774191511328,0.017472120965450248,67.59160792987143,64.03415488093086,56.91924878304963,0.0,0.0,0.0,2386.033613710786,2260.452897199693,2009.2914641775044,False,5.001072771500244,5.2789101476947,5.938773916156539
1556,Perryman,MD,39.442836,-76.221761,333.0,0.2024488528840521,22.9509,810.1836979781855,6.100306237384895,5.779237488048849,5.137099989376754,0.3988298264605731,0.4209870390417159,0.47361041892193045,57.545595833888434,54.51688026368379,48.459449123274474,0.0,0.0,0.0,2031.40197704917,1924.4860835202667,1710.6542964624591,False,132.81033221137085,140.1886840008914,157.71226950100285
55296,Calumet Energy Team LLC,IL,41.6835,-87.5563,312.8,0.1946628188391045,4.8627,171.65689659919752,6.344303485201094,6.01039277545367,5.342571355958817,0.0864988956096495,0.09130438981018557,0.10271743853645879,56.21690272144393,53.258118367683736,47.34054966016331,0.0,0.0,0.0,1984.4981301709024,1880.0508601619078,1671.1563201439178,False,27.056854546698364,28.560013132626047,32.13001477420431
58933,Shell Chemical Appalachia LLC,PA,40.671667,-80.336389,309.8,0.1751569280335954,13.5963,479.9594182720853,7.0508201637512435,6.679724365659075,5.937532769474732,0.2197270206593518,0.23193407736264904,0.2609258370329802,61.87814297577301,58.62139860862708,52.10790987433517,0.0,0.0,0.0,2184.344086730135,2069.3786084811813,1839.447651983272,False,68.07143100026718,71.85317716694867,80.83482431281728
55233,Handsome Lake Energy LLC,PA,41.2908,-79.8061,294.5,0.1725577338179287,28.1727,994.5170894400667,7.157024913778068,6.780339392000276,6.02696834844469,0.4718396381624801,0.49805295139372885,0.5603095703179449,59.708209572462,56.565672226542965,50.28059753470485,0.0,0.0,0.0,2107.743837107641,1996.8099509440815,1774.9421786169612,False,138.95677343885038,146.67659418545315,165.01116845863478
50561,Eagle Point Power Generation,NJ,39.8746,-75.1592,251.8,0.1988892742756389,9.486,334.86279662327263,6.209485174592292,5.882670165403225,5.2290401470250885,0.21416849244890576,0.22606674202940044,0.25432508478307553,44.292229410276484,41.96105944131458,37.29871950339073,0.0,0.0,0.0,1563.548366962339,1481.2563476485323,1316.6723090209173,False,53.92762639863447,56.923605643003036,64.03905634837842
2399,PSEG Burlington Generating Station,NJ,40.076611,-74.879172,242.0,0.2003549539010784,26.6076,939.2679050636084,6.164060213902964,5.839635992118599,5.190787548549865,0.629661651620376,0.6646428544881745,0.7477232112991963,42.25698028699668,40.03292869294424,35.58482550483932,0.0,0.0,0.0,1491.7025717645172,1413.191910092701,1256.1705867490675,False,152.378119692131,160.84357078613823,180.9490171344055
5083,Cumberland (NJ),NJ,39.3757,-74.9654,231.2,0.2032420104360043,31.3848,1107.906588600262,6.076499624022711,5.7566838543373064,5.117052314966494,0.7886092012188209,0.8324208235087552,0.9364734264473498,39.797658905695975,37.703045279080406,33.51381802584925,0.0,0.0,0.0,1404.8867130740507,1330.9453071227852,1183.0624952202534,False,182.3264473217914,192.4556943952242,216.51265619462725
10751,Camden Plant Holding LLC,NJ,39.9175,-75.1192,172.9,0.2007922788838844,4.41,155.6762526996239,6.150634909194813,5.826917282395088,5.179482028795633,0.14638865716608998,0.15452136034198383,0.17383653038473185,30.125284877751778,28.53974356839643,25.36866094968571,0.0,0.0,0.0,1063.4447757997832,1007.4739981261107,895.5324427787649,False,25.31059882401696,26.716743203129006,30.056336103520138
3176,Hunlock Power Station,PA,41.200556,-76.07,145.9,0.1808836309966998,19.9701,704.9592594187662,6.827594034877221,6.46824698041,5.749552871475555,0.7076867054324874,0.7470026335120699,0.8403779627010786,28.218842952257678,26.733640691612543,23.76323617032226,0.0,0.0,0.0,996.1459696885865,943.7172344418191,838.8597639482836,False,103.2514903225999,108.987684229411,122.61114475808736
54785,Grays Ferry Cogeneration,PA,39.942219,-75.188069,135.0,0.2023095793875026,3.3336,117.67853877538917,6.104505796210905,5.783216017462964,5.140636459967078,0.14279499584696298,0.15072805117179422,0.1695690575682685,23.34535590849909,22.116652965946514,19.659247080841343,0.0,0.0,0.0,824.1082824884721,780.7341623575002,693.9859220955556,False,19.277324439340003,20.348286908192218,22.89182277171625
55738,Buchanan Generation LLC,VA,37.175278,-81.961388,88.0,0.1907902512304145,3.5172,124.1597541939041,6.473077067803161,6.13238880107668,5.451012267623716,0.2179653174030316,0.23007450170319999,0.2588338144161,16.136512184167703,15.287222069211508,13.588641839299118,0.0,0.0,0.0,569.6307819666782,539.6502144947478,479.68907955088696,False,19.180947931466783,20.2465561498816,22.7773756686168
55196,Springdale 1 & 2,PA,40.546667,-79.768333,87.6,0.1752970412502442,6.8814,242.91849553904578,7.0451845119107475,6.674385327073342,5.932786957398525,0.39360817049299707,0.41547529107594117,0.4674097024604339,17.482868791521774,16.56271780249432,14.722415824439393,0.0,0.0,0.0,617.1581632433814,584.6761546516248,519.7121374681108,False,34.48007573518654,36.395635498252446,40.94508993553401
7138,Forked River,NJ,39.8154,-74.2098,76.8,0.2052104256546861,6.4152,226.46129168222836,6.01821274947391,5.701464710027916,5.067968631135924,0.48996518704052927,0.5171854752094474,0.5818336596106285,13.093175126887827,12.404060646525314,11.025831685800275,0.0,0.0,0.0,462.19873915959624,437.87248973014397,389.21999087123896,False,37.62932636471265,39.71984449608556,44.684825058096266
57908,Central Utility Plant Cincinnati,OH,39.134533,-84.509419,45.3,0.1894714218031236,4.2741,150.87888246337016,6.518133385219786,6.175073733366114,5.488954429658768,0.5109836605339325,0.5393716416747064,0.6067930968840447,8.364455324332573,7.924220833578229,7.043751852069536,0.0,0.0,0.0,295.27144235045625,279.73084012148496,248.64963566354217,False,23.14755982218714,24.4335353678642,27.487727288847225
2909,West 41st Street,OH,41.474,-81.7145,32.0,0.1852843612195979,4.0716,143.73048310471398,6.665430324884707,6.314618202522356,5.612993957797649,0.673861608042539,0.7112983640449021,0.800210659550515,6.042190193662096,5.724180183469356,5.088160163083871,0.0,0.0,0.0,213.29377039631063,202.06778248071538,179.61580664952476,False,21.56357145736125,22.761547649436867,25.60674110561648
10805,Kenilworth Energy Facility,NJ,40.6781,-74.2744,28.8,0.1957050497358967,1.5183,53.59710985801337,6.310516778522722,5.9783843164952115,5.314119392440188,0.2949062373611906,0.31128991721459,0.35020115686641373,5.148416030755024,4.877446765978446,4.335508236425285,0.0,0.0,0.0,181.74288322145438,172.1774683150621,153.0466385022774,False,8.49329963600229,8.965149615780192,10.085793317752715
56668,NIH Cogeneration Facility,MD,39.0,-77.0939,28.0,0.2018840361234125,1.2555,44.320076023668435,6.117373239184893,5.795406226596216,5.1514722014188585,0.25874828886508583,0.2731231938020349,0.3072635930272893,4.8522060010786445,4.596826737863981,4.086068211434649,0.0,0.0,0.0,171.286450697177,162.27137434469407,144.24122163972805,False,7.244952088222403,7.647449426456978,8.6033806047641
54044,University of Illinois Cogen Facility,IL,41.8675,-87.6524,23.4,0.1940798870054287,3.0357,107.16244905221048,6.363359022181702,6.028445389435298,5.358618123942486,0.7196815115844154,0.7596638177835494,0.8546217950064932,4.218115862552523,3.996109764523444,3.5520975684652827,0.0,0.0,0.0,148.9026011190518,141.06562211278597,125.39166410025418,False,16.84054737107532,17.776133336135054,19.998150003151938
57788,US GSA Heating and Transmission,DC,38.885709,-77.028373,10.8,0.2072411834619143,1.5192,53.62888052182962,5.9592402406202325,5.645596017429694,5.018307571048617,0.833266806648791,0.8795594070181683,0.9895043328954393,1.8231855485878237,1.7272284144516226,1.5353141461792201,0.0,0.0,0.0,64.35979459869851,60.9724369882407,54.19772176732507,False,8.999281511806943,9.499241595796217,10.686646795270745
10123,Hoffmann LaRoche,NJ,40.8359,-74.155,10.6,0.1939603177470696,1.4796,52.23097131391463,6.367281794261025,6.0321616998262355,5.361921510956654,0.7738702767004018,0.816863069850424,0.918970953581727,1.9119483517426996,1.811319491124663,1.6100617698885893,0.0,0.0,0.0,67.49318701916687,63.9409140181581,56.836368016140526,False,8.203024933024258,8.658748540414495,9.741092107966306
50411,Rutgers Biomedical and Health Cogen,NJ,40.73928,-74.187633,10.5,0.1946674542743521,1.7568,62.016335769319554,6.344152414195896,6.0102496555540075,5.342444138270229,0.9309860965981785,0.9827075464091883,1.1055459897103368,1.8870314029600912,1.787713960699034,1.5890790761769191,0.0,0.0,0.0,66.61360034905691,63.10762138331708,56.0956634518374,False,9.775354014280875,10.318429237296478,10.5
63347,"AOC, Capitol Power Plant",DC,38.882704,-77.007443,7.5,0.2072427345666292,1.5381,54.296064461970865,5.959195638788213,5.6455537630625185,5.018270011611127,1.2148410121786577,1.2823321795219162,1.4426237019621557,1.2660915992962896,1.1994551993333271,1.066182399407402,0.0,0.0,0.0,44.693967290911594,42.34165322296889,37.63702508708346,False,7.5,7.5,7.5
63501,Montclair State University Cogen,NJ,40.865207,-74.196651,6.4,0.1908043321785493,0.9828,34.693564887344756,6.472599368678494,6.131936244011206,5.450609994676627,0.8375104351243653,0.8840387926312743,0.9945436417101837,1.1734779159546354,1.111715920378076,0.9881919292249562,0.0,0.0,0.0,41.424635959542364,39.244391961671724,34.883903965930415,False,5.360066784795938,5.657848272840155,6.3650793069451765
63485,ECP Uptown Campus,PA,40.43727,-79.98741,5.6,0.1752712581340049,0.5085,17.95042505618112,7.046220887259061,6.67536715635069,5.933659694533946,0.4549152087387263,0.48018827589087776,0.5402118103772374,1.1177907228246775,1.0589596321496946,0.9412974507997286,0.0,0.0,0.0,39.458836968650736,37.38205607556386,33.2284942893901,False,2.5475251689368674,2.6890543449889153,3.0251861381125296
63478,Ross Hall Central Utility Plant,DC,38.900216,-77.050788,4.6,0.2026858190693181,1.1124,39.26854047688472,6.093174182933995,5.772480804884839,5.131094048786523,1.4010167734930563,1.4788510386871145,1.6637074185230039,0.7939947765411343,0.7522055777758115,0.6686271802451659,0.0,0.0,0.0,28.028601241496375,26.553411702470257,23.603032624418006,False,4.6,4.6,4.6
